filename,job_name,runner_os,matrix_size,step_count,uses_action_count,has_services,repo_name,commit_sha
auto-assign-issues.yml,auto-assign,linux,1,1,1,0,actions/starter-workflows,6c9f4c40300ab9efd6ea86fef113d876c545c5e8
auto-assign.yml,add-reviews,linux,1,1,1,0,actions/starter-workflows,6c9f4c40300ab9efd6ea86fef113d876c545c5e8
label-feature.yml,build,linux,1,1,1,0,actions/starter-workflows,6c9f4c40300ab9efd6ea86fef113d876c545c5e8
label-support.yml,build,linux,1,1,1,0,actions/starter-workflows,6c9f4c40300ab9efd6ea86fef113d876c545c5e8
labeler-triage.yml,triage,linux,1,1,1,0,actions/starter-workflows,6c9f4c40300ab9efd6ea86fef113d876c545c5e8
lint.yaml,pre-commit,linux,1,5,3,0,actions/starter-workflows,6c9f4c40300ab9efd6ea86fef113d876c545c5e8
stale.yml,stale,linux,1,1,1,0,actions/starter-workflows,6c9f4c40300ab9efd6ea86fef113d876c545c5e8
sync-ghes.yaml,sync,linux,1,6,2,0,actions/starter-workflows,6c9f4c40300ab9efd6ea86fef113d876c545c5e8
validate-data.yaml,validate-data,linux,1,3,2,0,actions/starter-workflows,6c9f4c40300ab9efd6ea86fef113d876c545c5e8
auto-assign-issues.yml,auto-assign,linux,1,1,1,0,actions/starter-workflows,26023c775fde0e179a6004a17879fa4bc2335f3d
auto-assign.yml,add-reviews,linux,1,1,1,0,actions/starter-workflows,26023c775fde0e179a6004a17879fa4bc2335f3d
label-feature.yml,build,linux,1,1,1,0,actions/starter-workflows,26023c775fde0e179a6004a17879fa4bc2335f3d
label-support.yml,build,linux,1,1,1,0,actions/starter-workflows,26023c775fde0e179a6004a17879fa4bc2335f3d
labeler-triage.yml,triage,linux,1,1,1,0,actions/starter-workflows,26023c775fde0e179a6004a17879fa4bc2335f3d
lint.yaml,pre-commit,linux,1,5,3,0,actions/starter-workflows,26023c775fde0e179a6004a17879fa4bc2335f3d
stale.yml,stale,linux,1,1,1,0,actions/starter-workflows,26023c775fde0e179a6004a17879fa4bc2335f3d
sync-ghes.yaml,sync,linux,1,6,2,0,actions/starter-workflows,26023c775fde0e179a6004a17879fa4bc2335f3d
validate-data.yaml,validate-data,linux,1,3,2,0,actions/starter-workflows,26023c775fde0e179a6004a17879fa4bc2335f3d
auto-assign-issues.yml,auto-assign,linux,1,1,1,0,actions/starter-workflows,79f3b3149c9657e9e4a6f94ed58e8a7f2e094c47
auto-assign.yml,add-reviews,linux,1,1,1,0,actions/starter-workflows,79f3b3149c9657e9e4a6f94ed58e8a7f2e094c47
label-feature.yml,build,linux,1,1,1,0,actions/starter-workflows,79f3b3149c9657e9e4a6f94ed58e8a7f2e094c47
label-support.yml,build,linux,1,1,1,0,actions/starter-workflows,79f3b3149c9657e9e4a6f94ed58e8a7f2e094c47
labeler-triage.yml,triage,linux,1,1,1,0,actions/starter-workflows,79f3b3149c9657e9e4a6f94ed58e8a7f2e094c47
lint.yaml,pre-commit,linux,1,5,3,0,actions/starter-workflows,79f3b3149c9657e9e4a6f94ed58e8a7f2e094c47
stale.yml,stale,linux,1,1,1,0,actions/starter-workflows,79f3b3149c9657e9e4a6f94ed58e8a7f2e094c47
sync-ghes.yaml,sync,linux,1,6,2,0,actions/starter-workflows,79f3b3149c9657e9e4a6f94ed58e8a7f2e094c47
validate-data.yaml,validate-data,linux,1,3,2,0,actions/starter-workflows,79f3b3149c9657e9e4a6f94ed58e8a7f2e094c47
auto-assign-issues.yml,auto-assign,linux,1,1,1,0,actions/starter-workflows,dbbf10c54ecdc05e798fe64fad8062290713857d
auto-assign.yml,add-reviews,linux,1,1,1,0,actions/starter-workflows,dbbf10c54ecdc05e798fe64fad8062290713857d
label-feature.yml,build,linux,1,1,1,0,actions/starter-workflows,dbbf10c54ecdc05e798fe64fad8062290713857d
label-support.yml,build,linux,1,1,1,0,actions/starter-workflows,dbbf10c54ecdc05e798fe64fad8062290713857d
labeler-triage.yml,triage,linux,1,1,1,0,actions/starter-workflows,dbbf10c54ecdc05e798fe64fad8062290713857d
lint.yaml,pre-commit,linux,1,5,3,0,actions/starter-workflows,dbbf10c54ecdc05e798fe64fad8062290713857d
stale.yml,stale,linux,1,1,1,0,actions/starter-workflows,dbbf10c54ecdc05e798fe64fad8062290713857d
sync-ghes.yaml,sync,linux,1,6,2,0,actions/starter-workflows,dbbf10c54ecdc05e798fe64fad8062290713857d
validate-data.yaml,validate-data,linux,1,3,2,0,actions/starter-workflows,dbbf10c54ecdc05e798fe64fad8062290713857d
auto-assign-issues.yml,auto-assign,linux,1,1,1,0,actions/starter-workflows,ab2a8c271653b97d4f340677a0a431e0e7a7c4b9
auto-assign.yml,add-reviews,linux,1,1,1,0,actions/starter-workflows,ab2a8c271653b97d4f340677a0a431e0e7a7c4b9
label-feature.yml,build,linux,1,1,1,0,actions/starter-workflows,ab2a8c271653b97d4f340677a0a431e0e7a7c4b9
label-support.yml,build,linux,1,1,1,0,actions/starter-workflows,ab2a8c271653b97d4f340677a0a431e0e7a7c4b9
labeler-triage.yml,triage,linux,1,1,1,0,actions/starter-workflows,ab2a8c271653b97d4f340677a0a431e0e7a7c4b9
lint.yaml,pre-commit,linux,1,5,3,0,actions/starter-workflows,ab2a8c271653b97d4f340677a0a431e0e7a7c4b9
stale.yml,stale,linux,1,1,1,0,actions/starter-workflows,ab2a8c271653b97d4f340677a0a431e0e7a7c4b9
sync-ghes.yaml,sync,linux,1,6,2,0,actions/starter-workflows,ab2a8c271653b97d4f340677a0a431e0e7a7c4b9
validate-data.yaml,validate-data,linux,1,3,2,0,actions/starter-workflows,ab2a8c271653b97d4f340677a0a431e0e7a7c4b9
auto-assign-issues.yml,auto-assign,linux,1,1,1,0,actions/starter-workflows,a639a75774349ead46048cbb8f1804e53675cc26
auto-assign.yml,add-reviews,linux,1,1,1,0,actions/starter-workflows,a639a75774349ead46048cbb8f1804e53675cc26
label-feature.yml,build,linux,1,1,1,0,actions/starter-workflows,a639a75774349ead46048cbb8f1804e53675cc26
label-support.yml,build,linux,1,1,1,0,actions/starter-workflows,a639a75774349ead46048cbb8f1804e53675cc26
labeler-triage.yml,triage,linux,1,1,1,0,actions/starter-workflows,a639a75774349ead46048cbb8f1804e53675cc26
lint.yaml,pre-commit,linux,1,5,3,0,actions/starter-workflows,a639a75774349ead46048cbb8f1804e53675cc26
stale.yml,stale,linux,1,1,1,0,actions/starter-workflows,a639a75774349ead46048cbb8f1804e53675cc26
sync-ghes.yaml,sync,linux,1,6,2,0,actions/starter-workflows,a639a75774349ead46048cbb8f1804e53675cc26
validate-data.yaml,validate-data,linux,1,3,2,0,actions/starter-workflows,a639a75774349ead46048cbb8f1804e53675cc26
auto-assign-issues.yml,auto-assign,linux,1,1,1,0,actions/starter-workflows,d3334c066a3f79ad2d247f51e89833393e15182a
auto-assign.yml,add-reviews,linux,1,1,1,0,actions/starter-workflows,d3334c066a3f79ad2d247f51e89833393e15182a
label-feature.yml,build,linux,1,1,1,0,actions/starter-workflows,d3334c066a3f79ad2d247f51e89833393e15182a
label-support.yml,build,linux,1,1,1,0,actions/starter-workflows,d3334c066a3f79ad2d247f51e89833393e15182a
labeler-triage.yml,triage,linux,1,1,1,0,actions/starter-workflows,d3334c066a3f79ad2d247f51e89833393e15182a
lint.yaml,pre-commit,linux,1,5,3,0,actions/starter-workflows,d3334c066a3f79ad2d247f51e89833393e15182a
stale.yml,stale,linux,1,1,1,0,actions/starter-workflows,d3334c066a3f79ad2d247f51e89833393e15182a
sync-ghes.yaml,sync,linux,1,6,2,0,actions/starter-workflows,d3334c066a3f79ad2d247f51e89833393e15182a
validate-data.yaml,validate-data,linux,1,3,2,0,actions/starter-workflows,d3334c066a3f79ad2d247f51e89833393e15182a
auto-assign-issues.yml,auto-assign,linux,1,1,1,0,actions/starter-workflows,aef846d30fa2ccd3055f7d5c900cbc93c5e21b31
auto-assign.yml,add-reviews,linux,1,1,1,0,actions/starter-workflows,aef846d30fa2ccd3055f7d5c900cbc93c5e21b31
label-feature.yml,build,linux,1,1,1,0,actions/starter-workflows,aef846d30fa2ccd3055f7d5c900cbc93c5e21b31
label-support.yml,build,linux,1,1,1,0,actions/starter-workflows,aef846d30fa2ccd3055f7d5c900cbc93c5e21b31
labeler-triage.yml,triage,linux,1,1,1,0,actions/starter-workflows,aef846d30fa2ccd3055f7d5c900cbc93c5e21b31
lint.yaml,pre-commit,linux,1,5,3,0,actions/starter-workflows,aef846d30fa2ccd3055f7d5c900cbc93c5e21b31
stale.yml,stale,linux,1,1,1,0,actions/starter-workflows,aef846d30fa2ccd3055f7d5c900cbc93c5e21b31
sync-ghes.yaml,sync,linux,1,6,2,0,actions/starter-workflows,aef846d30fa2ccd3055f7d5c900cbc93c5e21b31
validate-data.yaml,validate-data,linux,1,3,2,0,actions/starter-workflows,aef846d30fa2ccd3055f7d5c900cbc93c5e21b31
webpack.yml,build,linux,3,3,2,0,actions/starter-workflows,aef846d30fa2ccd3055f7d5c900cbc93c5e21b31
auto-assign-issues.yml,auto-assign,linux,1,1,1,0,actions/starter-workflows,9edd25f0e492b099ace29b5a2bd10b1e145ecff4
auto-assign.yml,add-reviews,linux,1,1,1,0,actions/starter-workflows,9edd25f0e492b099ace29b5a2bd10b1e145ecff4
label-feature.yml,build,linux,1,1,1,0,actions/starter-workflows,9edd25f0e492b099ace29b5a2bd10b1e145ecff4
label-support.yml,build,linux,1,1,1,0,actions/starter-workflows,9edd25f0e492b099ace29b5a2bd10b1e145ecff4
labeler-triage.yml,triage,linux,1,1,1,0,actions/starter-workflows,9edd25f0e492b099ace29b5a2bd10b1e145ecff4
lint.yaml,pre-commit,linux,1,5,3,0,actions/starter-workflows,9edd25f0e492b099ace29b5a2bd10b1e145ecff4
stale.yml,stale,linux,1,1,1,0,actions/starter-workflows,9edd25f0e492b099ace29b5a2bd10b1e145ecff4
sync-ghes.yaml,sync,linux,1,6,2,0,actions/starter-workflows,9edd25f0e492b099ace29b5a2bd10b1e145ecff4
validate-data.yaml,validate-data,linux,1,3,2,0,actions/starter-workflows,9edd25f0e492b099ace29b5a2bd10b1e145ecff4
auto-assign-issues.yml,auto-assign,linux,1,1,1,0,actions/starter-workflows,939fe5955f5dbaeaa125cb63339a7b2f1bb12c60
auto-assign.yml,add-reviews,linux,1,1,1,0,actions/starter-workflows,939fe5955f5dbaeaa125cb63339a7b2f1bb12c60
label-feature.yml,build,linux,1,1,1,0,actions/starter-workflows,939fe5955f5dbaeaa125cb63339a7b2f1bb12c60
label-support.yml,build,linux,1,1,1,0,actions/starter-workflows,939fe5955f5dbaeaa125cb63339a7b2f1bb12c60
labeler-triage.yml,triage,linux,1,1,1,0,actions/starter-workflows,939fe5955f5dbaeaa125cb63339a7b2f1bb12c60
lint.yaml,pre-commit,linux,1,5,3,0,actions/starter-workflows,939fe5955f5dbaeaa125cb63339a7b2f1bb12c60
stale.yml,stale,linux,1,1,1,0,actions/starter-workflows,939fe5955f5dbaeaa125cb63339a7b2f1bb12c60
sync-ghes.yaml,sync,linux,1,6,2,0,actions/starter-workflows,939fe5955f5dbaeaa125cb63339a7b2f1bb12c60
validate-data.yaml,validate-data,linux,1,3,2,0,actions/starter-workflows,939fe5955f5dbaeaa125cb63339a7b2f1bb12c60
auto-assign-issues.yml,auto-assign,linux,1,1,1,0,actions/starter-workflows,56eea6c16175f93a11ba8990ff0b729dd73438ce
auto-assign.yml,add-reviews,linux,1,1,1,0,actions/starter-workflows,56eea6c16175f93a11ba8990ff0b729dd73438ce
label-feature.yml,build,linux,1,1,1,0,actions/starter-workflows,56eea6c16175f93a11ba8990ff0b729dd73438ce
label-support.yml,build,linux,1,1,1,0,actions/starter-workflows,56eea6c16175f93a11ba8990ff0b729dd73438ce
labeler-triage.yml,triage,linux,1,1,1,0,actions/starter-workflows,56eea6c16175f93a11ba8990ff0b729dd73438ce
lint.yaml,pre-commit,linux,1,5,3,0,actions/starter-workflows,56eea6c16175f93a11ba8990ff0b729dd73438ce
stale.yml,stale,linux,1,1,1,0,actions/starter-workflows,56eea6c16175f93a11ba8990ff0b729dd73438ce
sync-ghes.yaml,sync,linux,1,6,2,0,actions/starter-workflows,56eea6c16175f93a11ba8990ff0b729dd73438ce
validate-data.yaml,validate-data,linux,1,3,2,0,actions/starter-workflows,56eea6c16175f93a11ba8990ff0b729dd73438ce
auto-assign-issues.yml,auto-assign,linux,1,1,1,0,actions/starter-workflows,3b49f6f1d962150725257f15cb3e02d972ce2fed
auto-assign.yml,add-reviews,linux,1,1,1,0,actions/starter-workflows,3b49f6f1d962150725257f15cb3e02d972ce2fed
label-feature.yml,build,linux,1,1,1,0,actions/starter-workflows,3b49f6f1d962150725257f15cb3e02d972ce2fed
label-support.yml,build,linux,1,1,1,0,actions/starter-workflows,3b49f6f1d962150725257f15cb3e02d972ce2fed
labeler-triage.yml,triage,linux,1,1,1,0,actions/starter-workflows,3b49f6f1d962150725257f15cb3e02d972ce2fed
lint.yaml,pre-commit,linux,1,5,3,0,actions/starter-workflows,3b49f6f1d962150725257f15cb3e02d972ce2fed
stale.yml,stale,linux,1,1,1,0,actions/starter-workflows,3b49f6f1d962150725257f15cb3e02d972ce2fed
sync-ghes.yaml,sync,linux,1,6,2,0,actions/starter-workflows,3b49f6f1d962150725257f15cb3e02d972ce2fed
validate-data.yaml,validate-data,linux,1,3,2,0,actions/starter-workflows,3b49f6f1d962150725257f15cb3e02d972ce2fed
webpack.yml,build,linux,3,3,2,0,actions/starter-workflows,3b49f6f1d962150725257f15cb3e02d972ce2fed
auto-assign-issues.yml,auto-assign,linux,1,1,1,0,actions/starter-workflows,56723fedd04d2ea2a7432d7accc3750eeedfd032
auto-assign.yml,add-reviews,linux,1,1,1,0,actions/starter-workflows,56723fedd04d2ea2a7432d7accc3750eeedfd032
label-feature.yml,build,linux,1,1,1,0,actions/starter-workflows,56723fedd04d2ea2a7432d7accc3750eeedfd032
label-support.yml,build,linux,1,1,1,0,actions/starter-workflows,56723fedd04d2ea2a7432d7accc3750eeedfd032
labeler-triage.yml,triage,linux,1,1,1,0,actions/starter-workflows,56723fedd04d2ea2a7432d7accc3750eeedfd032
lint.yaml,pre-commit,linux,1,5,3,0,actions/starter-workflows,56723fedd04d2ea2a7432d7accc3750eeedfd032
stale.yml,stale,linux,1,1,1,0,actions/starter-workflows,56723fedd04d2ea2a7432d7accc3750eeedfd032
sync-ghes.yaml,sync,linux,1,6,2,0,actions/starter-workflows,56723fedd04d2ea2a7432d7accc3750eeedfd032
validate-data.yaml,validate-data,linux,1,3,2,0,actions/starter-workflows,56723fedd04d2ea2a7432d7accc3750eeedfd032
auto-assign-issues.yml,auto-assign,linux,1,1,1,0,actions/starter-workflows,92f3a6ea8a8c54300e59d6c07861cf497eec6583
auto-assign.yml,add-reviews,linux,1,1,1,0,actions/starter-workflows,92f3a6ea8a8c54300e59d6c07861cf497eec6583
label-feature.yml,build,linux,1,1,1,0,actions/starter-workflows,92f3a6ea8a8c54300e59d6c07861cf497eec6583
label-support.yml,build,linux,1,1,1,0,actions/starter-workflows,92f3a6ea8a8c54300e59d6c07861cf497eec6583
labeler-triage.yml,triage,linux,1,1,1,0,actions/starter-workflows,92f3a6ea8a8c54300e59d6c07861cf497eec6583
lint.yaml,pre-commit,linux,1,5,3,0,actions/starter-workflows,92f3a6ea8a8c54300e59d6c07861cf497eec6583
stale.yml,stale,linux,1,1,1,0,actions/starter-workflows,92f3a6ea8a8c54300e59d6c07861cf497eec6583
sync-ghes.yaml,sync,linux,1,6,2,0,actions/starter-workflows,92f3a6ea8a8c54300e59d6c07861cf497eec6583
validate-data.yaml,validate-data,linux,1,3,2,0,actions/starter-workflows,92f3a6ea8a8c54300e59d6c07861cf497eec6583
auto-assign-issues.yml,auto-assign,linux,1,1,1,0,actions/starter-workflows,148ca7fd72a3c363d101276499e3d1b7ddfe4114
auto-assign.yml,add-reviews,linux,1,1,1,0,actions/starter-workflows,148ca7fd72a3c363d101276499e3d1b7ddfe4114
label-feature.yml,build,linux,1,1,1,0,actions/starter-workflows,148ca7fd72a3c363d101276499e3d1b7ddfe4114
label-support.yml,build,linux,1,1,1,0,actions/starter-workflows,148ca7fd72a3c363d101276499e3d1b7ddfe4114
labeler-triage.yml,triage,linux,1,1,1,0,actions/starter-workflows,148ca7fd72a3c363d101276499e3d1b7ddfe4114
lint.yaml,pre-commit,linux,1,5,3,0,actions/starter-workflows,148ca7fd72a3c363d101276499e3d1b7ddfe4114
stale.yml,stale,linux,1,1,1,0,actions/starter-workflows,148ca7fd72a3c363d101276499e3d1b7ddfe4114
sync-ghes.yaml,sync,linux,1,6,2,0,actions/starter-workflows,148ca7fd72a3c363d101276499e3d1b7ddfe4114
validate-data.yaml,validate-data,linux,1,3,2,0,actions/starter-workflows,148ca7fd72a3c363d101276499e3d1b7ddfe4114
auto-assign-issues.yml,auto-assign,linux,1,1,1,0,actions/starter-workflows,22ea34885d86b4a9f05b570886eb80f4cefcc952
auto-assign.yml,add-reviews,linux,1,1,1,0,actions/starter-workflows,22ea34885d86b4a9f05b570886eb80f4cefcc952
label-feature.yml,build,linux,1,1,1,0,actions/starter-workflows,22ea34885d86b4a9f05b570886eb80f4cefcc952
label-support.yml,build,linux,1,1,1,0,actions/starter-workflows,22ea34885d86b4a9f05b570886eb80f4cefcc952
labeler-triage.yml,triage,linux,1,1,1,0,actions/starter-workflows,22ea34885d86b4a9f05b570886eb80f4cefcc952
lint.yaml,pre-commit,linux,1,5,3,0,actions/starter-workflows,22ea34885d86b4a9f05b570886eb80f4cefcc952
stale.yml,stale,linux,1,1,1,0,actions/starter-workflows,22ea34885d86b4a9f05b570886eb80f4cefcc952
sync-ghes.yaml,sync,linux,1,6,2,0,actions/starter-workflows,22ea34885d86b4a9f05b570886eb80f4cefcc952
validate-data.yaml,validate-data,linux,1,3,2,0,actions/starter-workflows,22ea34885d86b4a9f05b570886eb80f4cefcc952
auto-assign-issues.yml,auto-assign,linux,1,1,1,0,actions/starter-workflows,ad5b421f80cb356d08dcc68b24f300578912a379
auto-assign.yml,add-reviews,linux,1,1,1,0,actions/starter-workflows,ad5b421f80cb356d08dcc68b24f300578912a379
label-feature.yml,build,linux,1,1,1,0,actions/starter-workflows,ad5b421f80cb356d08dcc68b24f300578912a379
label-support.yml,build,linux,1,1,1,0,actions/starter-workflows,ad5b421f80cb356d08dcc68b24f300578912a379
labeler-triage.yml,triage,linux,1,1,1,0,actions/starter-workflows,ad5b421f80cb356d08dcc68b24f300578912a379
lint.yaml,pre-commit,linux,1,5,3,0,actions/starter-workflows,ad5b421f80cb356d08dcc68b24f300578912a379
stale.yml,stale,linux,1,1,1,0,actions/starter-workflows,ad5b421f80cb356d08dcc68b24f300578912a379
sync-ghes.yaml,sync,linux,1,6,2,0,actions/starter-workflows,ad5b421f80cb356d08dcc68b24f300578912a379
validate-data.yaml,validate-data,linux,1,3,2,0,actions/starter-workflows,ad5b421f80cb356d08dcc68b24f300578912a379
webpack.yml,build,linux,3,3,2,0,actions/starter-workflows,ad5b421f80cb356d08dcc68b24f300578912a379
auto-assign-issues.yml,auto-assign,linux,1,1,1,0,actions/starter-workflows,2eeda165c219f0f9b3e81e9adaa4e99ac1d738de
auto-assign.yml,add-reviews,linux,1,1,1,0,actions/starter-workflows,2eeda165c219f0f9b3e81e9adaa4e99ac1d738de
deno.yml,test,linux,1,4,2,0,actions/starter-workflows,2eeda165c219f0f9b3e81e9adaa4e99ac1d738de
label-feature.yml,build,linux,1,1,1,0,actions/starter-workflows,2eeda165c219f0f9b3e81e9adaa4e99ac1d738de
label-support.yml,build,linux,1,1,1,0,actions/starter-workflows,2eeda165c219f0f9b3e81e9adaa4e99ac1d738de
labeler-triage.yml,triage,linux,1,1,1,0,actions/starter-workflows,2eeda165c219f0f9b3e81e9adaa4e99ac1d738de
lint.yaml,pre-commit,linux,1,5,3,0,actions/starter-workflows,2eeda165c219f0f9b3e81e9adaa4e99ac1d738de
stale.yml,stale,linux,1,1,1,0,actions/starter-workflows,2eeda165c219f0f9b3e81e9adaa4e99ac1d738de
sync-ghes.yaml,sync,linux,1,6,2,0,actions/starter-workflows,2eeda165c219f0f9b3e81e9adaa4e99ac1d738de
validate-data.yaml,validate-data,linux,1,3,2,0,actions/starter-workflows,2eeda165c219f0f9b3e81e9adaa4e99ac1d738de
auto-assign-issues.yml,auto-assign,linux,1,1,1,0,actions/starter-workflows,4189ab680b0d4bc9c2a5ecaa7b567cf856313dc4
auto-assign.yml,add-reviews,linux,1,1,1,0,actions/starter-workflows,4189ab680b0d4bc9c2a5ecaa7b567cf856313dc4
label-feature.yml,build,linux,1,1,1,0,actions/starter-workflows,4189ab680b0d4bc9c2a5ecaa7b567cf856313dc4
label-support.yml,build,linux,1,1,1,0,actions/starter-workflows,4189ab680b0d4bc9c2a5ecaa7b567cf856313dc4
labeler-triage.yml,triage,linux,1,1,1,0,actions/starter-workflows,4189ab680b0d4bc9c2a5ecaa7b567cf856313dc4
lint.yaml,pre-commit,linux,1,5,3,0,actions/starter-workflows,4189ab680b0d4bc9c2a5ecaa7b567cf856313dc4
stale.yml,stale,linux,1,1,1,0,actions/starter-workflows,4189ab680b0d4bc9c2a5ecaa7b567cf856313dc4
sync-ghes.yaml,sync,linux,1,6,2,0,actions/starter-workflows,4189ab680b0d4bc9c2a5ecaa7b567cf856313dc4
validate-data.yaml,validate-data,linux,1,3,2,0,actions/starter-workflows,4189ab680b0d4bc9c2a5ecaa7b567cf856313dc4
auto-assign-issues.yml,auto-assign,linux,1,1,1,0,actions/starter-workflows,d66e33e93e0bd35e2d3c6928f4348637ffce7d79
auto-assign.yml,add-reviews,linux,1,1,1,0,actions/starter-workflows,d66e33e93e0bd35e2d3c6928f4348637ffce7d79
label-feature.yml,build,linux,1,1,1,0,actions/starter-workflows,d66e33e93e0bd35e2d3c6928f4348637ffce7d79
label-support.yml,build,linux,1,1,1,0,actions/starter-workflows,d66e33e93e0bd35e2d3c6928f4348637ffce7d79
labeler-triage.yml,triage,linux,1,1,1,0,actions/starter-workflows,d66e33e93e0bd35e2d3c6928f4348637ffce7d79
lint.yaml,pre-commit,linux,1,5,3,0,actions/starter-workflows,d66e33e93e0bd35e2d3c6928f4348637ffce7d79
stale.yml,stale,linux,1,1,1,0,actions/starter-workflows,d66e33e93e0bd35e2d3c6928f4348637ffce7d79
sync-ghes.yaml,sync,linux,1,6,2,0,actions/starter-workflows,d66e33e93e0bd35e2d3c6928f4348637ffce7d79
validate-data.yaml,validate-data,linux,1,3,2,0,actions/starter-workflows,d66e33e93e0bd35e2d3c6928f4348637ffce7d79
auto-assign-issues.yml,auto-assign,linux,1,1,1,0,actions/starter-workflows,43fce1d31822073c5dd2b68d117f3599c165864f
auto-assign.yml,add-reviews,linux,1,1,1,0,actions/starter-workflows,43fce1d31822073c5dd2b68d117f3599c165864f
label-feature.yml,build,linux,1,1,1,0,actions/starter-workflows,43fce1d31822073c5dd2b68d117f3599c165864f
label-support.yml,build,linux,1,1,1,0,actions/starter-workflows,43fce1d31822073c5dd2b68d117f3599c165864f
labeler-triage.yml,triage,linux,1,1,1,0,actions/starter-workflows,43fce1d31822073c5dd2b68d117f3599c165864f
lint.yaml,pre-commit,linux,1,5,3,0,actions/starter-workflows,43fce1d31822073c5dd2b68d117f3599c165864f
stale.yml,stale,linux,1,1,1,0,actions/starter-workflows,43fce1d31822073c5dd2b68d117f3599c165864f
sync-ghes.yaml,sync,linux,1,6,2,0,actions/starter-workflows,43fce1d31822073c5dd2b68d117f3599c165864f
validate-data.yaml,validate-data,linux,1,3,2,0,actions/starter-workflows,43fce1d31822073c5dd2b68d117f3599c165864f
auto-assign-issues.yml,auto-assign,linux,1,1,1,0,actions/starter-workflows,43cbe7b832995a38fac1d8fcf148fff57f577cc2
auto-assign.yml,add-reviews,linux,1,1,1,0,actions/starter-workflows,43cbe7b832995a38fac1d8fcf148fff57f577cc2
label-feature.yml,build,linux,1,1,1,0,actions/starter-workflows,43cbe7b832995a38fac1d8fcf148fff57f577cc2
label-support.yml,build,linux,1,1,1,0,actions/starter-workflows,43cbe7b832995a38fac1d8fcf148fff57f577cc2
labeler-triage.yml,triage,linux,1,1,1,0,actions/starter-workflows,43cbe7b832995a38fac1d8fcf148fff57f577cc2
lint.yaml,pre-commit,linux,1,5,3,0,actions/starter-workflows,43cbe7b832995a38fac1d8fcf148fff57f577cc2
stale.yml,stale,linux,1,1,1,0,actions/starter-workflows,43cbe7b832995a38fac1d8fcf148fff57f577cc2
sync-ghes.yaml,sync,linux,1,6,2,0,actions/starter-workflows,43cbe7b832995a38fac1d8fcf148fff57f577cc2
validate-data.yaml,validate-data,linux,1,3,2,0,actions/starter-workflows,43cbe7b832995a38fac1d8fcf148fff57f577cc2
auto-assign-issues.yml,auto-assign,linux,1,1,1,0,actions/starter-workflows,c59fb05f81919ced1effc9279709442b6aa01d38
auto-assign.yml,add-reviews,linux,1,1,1,0,actions/starter-workflows,c59fb05f81919ced1effc9279709442b6aa01d38
label-feature.yml,build,linux,1,1,1,0,actions/starter-workflows,c59fb05f81919ced1effc9279709442b6aa01d38
label-support.yml,build,linux,1,1,1,0,actions/starter-workflows,c59fb05f81919ced1effc9279709442b6aa01d38
labeler-triage.yml,triage,linux,1,1,1,0,actions/starter-workflows,c59fb05f81919ced1effc9279709442b6aa01d38
lint.yaml,pre-commit,linux,1,5,3,0,actions/starter-workflows,c59fb05f81919ced1effc9279709442b6aa01d38
stale.yml,stale,linux,1,1,1,0,actions/starter-workflows,c59fb05f81919ced1effc9279709442b6aa01d38
sync-ghes.yaml,sync,linux,1,6,2,0,actions/starter-workflows,c59fb05f81919ced1effc9279709442b6aa01d38
validate-data.yaml,validate-data,linux,1,3,2,0,actions/starter-workflows,c59fb05f81919ced1effc9279709442b6aa01d38
webpack.yml,build,linux,3,3,2,0,actions/starter-workflows,c59fb05f81919ced1effc9279709442b6aa01d38
auto-assign-issues.yml,auto-assign,linux,1,1,1,0,actions/starter-workflows,28d9b0db1b1f89557ced070619538fa6564bcfc8
auto-assign.yml,add-reviews,linux,1,1,1,0,actions/starter-workflows,28d9b0db1b1f89557ced070619538fa6564bcfc8
label-feature.yml,build,linux,1,1,1,0,actions/starter-workflows,28d9b0db1b1f89557ced070619538fa6564bcfc8
label-support.yml,build,linux,1,1,1,0,actions/starter-workflows,28d9b0db1b1f89557ced070619538fa6564bcfc8
labeler-triage.yml,triage,linux,1,1,1,0,actions/starter-workflows,28d9b0db1b1f89557ced070619538fa6564bcfc8
lint.yaml,pre-commit,linux,1,5,3,0,actions/starter-workflows,28d9b0db1b1f89557ced070619538fa6564bcfc8
stale.yml,stale,linux,1,1,1,0,actions/starter-workflows,28d9b0db1b1f89557ced070619538fa6564bcfc8
sync-ghes.yaml,sync,linux,1,6,2,0,actions/starter-workflows,28d9b0db1b1f89557ced070619538fa6564bcfc8
validate-data.yaml,validate-data,linux,1,3,2,0,actions/starter-workflows,28d9b0db1b1f89557ced070619538fa6564bcfc8
webpack.yml,build,linux,3,3,2,0,actions/starter-workflows,28d9b0db1b1f89557ced070619538fa6564bcfc8
auto-assign-issues.yml,auto-assign,linux,1,1,1,0,actions/starter-workflows,70b6a19d9049dd8d55edb1c63be043671b2fdbff
auto-assign.yml,add-reviews,linux,1,1,1,0,actions/starter-workflows,70b6a19d9049dd8d55edb1c63be043671b2fdbff
label-feature.yml,build,linux,1,1,1,0,actions/starter-workflows,70b6a19d9049dd8d55edb1c63be043671b2fdbff
label-support.yml,build,linux,1,1,1,0,actions/starter-workflows,70b6a19d9049dd8d55edb1c63be043671b2fdbff
labeler-triage.yml,triage,linux,1,1,1,0,actions/starter-workflows,70b6a19d9049dd8d55edb1c63be043671b2fdbff
lint.yaml,pre-commit,linux,1,5,3,0,actions/starter-workflows,70b6a19d9049dd8d55edb1c63be043671b2fdbff
stale.yml,stale,linux,1,1,1,0,actions/starter-workflows,70b6a19d9049dd8d55edb1c63be043671b2fdbff
sync-ghes.yaml,sync,linux,1,6,2,0,actions/starter-workflows,70b6a19d9049dd8d55edb1c63be043671b2fdbff
validate-data.yaml,validate-data,linux,1,3,2,0,actions/starter-workflows,70b6a19d9049dd8d55edb1c63be043671b2fdbff
